{
  "analysis_version": "joint_paired_dx_bootstrap_v1",
  "bootstrap_includes_detectability_uncertainty": true,
  "bootstrap_includes_exploitation_uncertainty": true,
  "bootstrap_method": "joint_paired_dataset_then_seed_resampling_of_D_and_X",
  "bootstrap_repetitions": 20000,
  "bootstrap_seed": 20260713,
  "category_lomo_r2": 0.08579679435055365,
  "category_plus_detectability_lomo_r2": -0.3089113878742735,
  "category_plus_detectability_r2": 0.6133587571178833,
  "category_r2": 0.5141475495587005,
  "datasets": 20,
  "excluding_simple_spearman": 0.6785714285714287,
  "global_pearson": 0.6886515162389832,
  "global_pearson_ci": [
    0.6478916118381393,
    0.7231645404480155
  ],
  "global_spearman": 0.5272727272727273,
  "global_spearman_ci": [
    0.4909090909090909,
    0.6090909090909091
  ],
  "incremental_lomo_r2": -0.3947081822248272,
  "incremental_permutation_p": 0.36388180590970454,
  "incremental_r2": 0.09921120755918289,
  "mechanisms": 11,
  "permutation_method": "within_declared_category_label_permutation_descriptive",
  "permutation_repetitions": 20000,
  "schema_version": 2,
  "seeds": 5,
  "status": "DESCRIPTIVE_ONLY",
  "within_structured_spearman": 0.7999999999999999
}
