category,diagnostic_normalized_ap,ci_low,ci_high
simple,0.9258534280024849,0.9104855240575839,0.9404253473709111
boundary,0.5737846300699441,0.5523604164025337,0.5986039981583711
structured,0.2654222933179887,0.2302358862899087,0.30200309744678017
