category,mean_ap,std_ap,median_ap
boundary,0.5737846300699442,0.42742947901769784,0.5737846300699442
simple,0.9258534280024849,0.22833428969817096,0.9258534280024849
structured,0.2654222933179887,0.3138716472400164,0.2654222933179887
