cat,diagnostic_normalized_ap
boundary,0.5737846300699442
simple,0.9258534280024849
structured,0.2654222933179887
