method,diagnostic_normalized_ap,ci_low,ci_high
absolute_correlation,0.6471121805658454,0.6371121805658454,0.6571121805658454
lr_coefficient,0.6423722606926936,0.6323722606926936,0.6523722606926936
mutual_information,0.5896778886810661,0.5796778886810661,0.5996778886810661
rf_permutation,0.6132649104561461,0.603264910456146,0.6232649104561461
