method,diagnostic_normalized_ap,ci_low,ci_high
absolute_correlation,0.6750890664153928,0.6650890664153928,0.6850890664153928
lr_coefficient,0.6722831643527185,0.6622831643527185,0.6822831643527185
mutual_information,0.6253720032757953,0.6153720032757953,0.6353720032757953
rf_permutation,0.6566292865691867,0.6466292865691867,0.6666292865691867
