method,diagnostic_normalized_ap,ci_low,ci_high
absolute_correlation,0.6471121805658453,0.6254090703747764,0.6682432249815736
lr_coefficient,0.6423722606926936,0.6205556214952535,0.6642288403149346
mutual_information,0.5896778886810661,0.568033527537681,0.6112671255083965
rf_permutation,0.6132649104561462,0.590223888331204,0.637388733231613
