model,simple_minus_structured,ci_low,ci_high,sign_flip_p,holm_p
catboost,0.1707299733221105,0.15589951229591584,0.18556099789558048,9.99990000099999e-06,4.9999500004999955e-05
lightgbm,0.17365632826741348,0.15842527573461074,0.18854786038847887,1.999980000199998e-05,4.9999500004999955e-05
lr,0.15804222772210946,0.14386290445226174,0.17262511243710624,9.99990000099999e-06,4.9999500004999955e-05
rf,0.1658886901576815,0.1504736838692634,0.181361102264471,9.99990000099999e-06,4.9999500004999955e-05
tabm,0.15332750078899715,0.14079594550108057,0.16623372710513826,9.99990000099999e-06,4.9999500004999955e-05
