model,boundary,simple,structured,ci_low,ci_high,holm_p,sign_flip_p,simple_minus_structured
catboost,0.2438391756846138,0.23353227365714663,0.06280230033503614,0.0,0.0,0.0,0.0,0.17072997332211048
lightgbm,0.243051380163508,0.23654087523057338,0.06288454696315993,0.0,0.0,0.0,0.0,0.17365632826741345
lr,0.13089524369584693,0.21446439428953493,0.05642216656742552,0.0,0.0,0.0,0.0,0.1580422277221094
rf,0.21277014397914,0.22598744891307443,0.0600987587553929,0.0,0.0,0.0,0.0,0.16588869015768154
tabm,0.21532523800163006,0.20600979616988827,0.052682295380891093,0.0,0.0,0.0,0.0,0.15332750078899718
