{
  "analysis_seed": 20260716,
  "bootstrap_reps": 10000,
  "bootstrap_unit": "dataset_index",
  "runner_sha": "6089aacabffde66fa600968c31d165eb711fd1661c22e8f9c536a9ddc3f89032",
  "csv_sha": "6e3aa4c7edbc6f476ad3494be659892a0dd7271a109a66ff69ee8f1d6dfca9d8",
  "policy_registry_sha": "8c10a48c279c95dd47ea7850a1382946f87dab4581d212574c4d94eaaccd7502",
  "bundle_manifest_sha": "304c96aeb035ef73ac77703c152a4fe05b00bad97222c4b7cdc080767734221c",
  "results": {
    "budget_0.01": {
      "p3_sdr": 0.05926718963636363,
      "p2_sdr": 0.0007457056363636363,
      "diff": 0.058525390166127275,
      "ci_lo": 0.04372100040909091,
      "ci_hi": 0.0709233457,
      "p3_better_prob": 1.0,
      "p3_recall": 0.40539454545454545,
      "p3_retention": 0.9757961636363636,
      "n_p3": 5500,
      "n_p2": 5500
    },
    "budget_0.05": {
      "p3_sdr": 0.06144832581818182,
      "p2_sdr": 0.0007688692727272729,
      "diff": 0.06069578230927273,
      "ci_lo": 0.04570983787727273,
      "ci_hi": 0.07328997752727272,
      "p3_better_prob": 1.0,
      "p3_recall": 0.4104090909090909,
      "p3_retention": 0.9756371454545455,
      "n_p3": 5500,
      "n_p2": 5500
    },
    "budget_0.10": {
      "p3_sdr": 0.060981362727272725,
      "p2_sdr": 0.0006512607272727275,
      "diff": 0.06034174505434546,
      "ci_lo": 0.03301365028636363,
      "ci_hi": 0.08294748629545454,
      "p3_better_prob": 1.0,
      "p3_recall": 0.49718932727272724,
      "p3_retention": 0.945992490909091,
      "n_p3": 5500,
      "n_p2": 5500
    },
    "budget_0.20": {
      "p3_sdr": 0.050760741454545455,
      "p2_sdr": 0.000310749272727273,
      "diff": 0.05051518580847273,
      "ci_lo": 0.008107044599999997,
      "ci_hi": 0.08650497288636362,
      "p3_better_prob": 0.9881,
      "p3_recall": 0.6007961272727274,
      "p3_retention": 0.8513014909090909,
      "n_p3": 5500,
      "n_p2": 5500
    },
    "cat_simple": {
      "p3_sdr": 0.12476081200000001,
      "p2_sdr": 0.015595047,
      "diff": 0.10924778236525001,
      "ci_lo": 0.05951533652499998,
      "ci_hi": 0.15308373889999996,
      "p3_better_prob": 1.0,
      "p3_recall": 0.92927125,
      "p3_retention": 0.8672747
    },
    "cat_structured": {
      "p3_sdr": -0.016534466,
      "p2_sdr": -0.013318572999999998,
      "diff": -0.0031720932821999986,
      "ci_lo": -0.039427799437499994,
      "ci_hi": 0.027027476174999985,
      "p3_better_prob": 0.4498,
      "p3_recall": 0.3016875,
      "p3_retention": 0.8314350500000001
    },
    "cat_boundary": {
      "p3_sdr": 0.041820924,
      "p2_sdr": -0.0018958846666666663,
      "diff": 0.043788095853666664,
      "ci_lo": 0.002100091483333336,
      "ci_hi": 0.07889214493333332,
      "p3_better_prob": 0.9768,
      "p3_recall": 0.5616407999999999,
      "p3_retention": 0.8564924666666666
    },
    "dataset_effects": {
      "ds_0": {
        "p3_sdr": 0.08799812727272727,
        "p2_sdr": 0.0002935600000000004,
        "diff": 0.08770456727272727
      },
      "ds_1": {
        "p3_sdr": 0.12050943272727274,
        "p2_sdr": -0.00014833090909090917,
        "diff": 0.12065776363636366
      },
      "ds_2": {
        "p3_sdr": 0.09431894909090908,
        "p2_sdr": -0.011791974545454545,
        "diff": 0.10611092363636362
      },
      "ds_3": {
        "p3_sdr": -0.19039489454545458,
        "p2_sdr": -0.00671150909090909,
        "diff": -0.1836833854545455
      },
      "ds_4": {
        "p3_sdr": 0.06778307272727273,
        "p2_sdr": -0.0022522399999999995,
        "diff": 0.07003531272727273
      },
      "ds_5": {
        "p3_sdr": 0.0918632690909091,
        "p2_sdr": -0.00324444,
        "diff": 0.0951077090909091
      },
      "ds_6": {
        "p3_sdr": 0.11944139999999999,
        "p2_sdr": 0.0006105418181818175,
        "diff": 0.11883085818181817
      },
      "ds_7": {
        "p3_sdr": 0.08486366545454545,
        "p2_sdr": 0.01239717818181818,
        "diff": 0.07246648727272727
      },
      "ds_8": {
        "p3_sdr": -0.09976154909090908,
        "p2_sdr": 0.009894636363636364,
        "diff": -0.10965618545454545
      },
      "ds_9": {
        "p3_sdr": 0.12308132727272729,
        "p2_sdr": 0.004262792727272727,
        "diff": 0.11881853454545456
      },
      "ds_10": {
        "p3_sdr": 0.06879548363636363,
        "p2_sdr": 0.0025947054545454535,
        "diff": 0.06620077818181817
      },
      "ds_11": {
        "p3_sdr": 0.15066313090909092,
        "p2_sdr": -0.0011815018181818187,
        "diff": 0.15184463272727275
      },
      "ds_12": {
        "p3_sdr": 0.03512375272727273,
        "p2_sdr": 0.0005138509090909096,
        "diff": 0.03460990181818182
      },
      "ds_13": {
        "p3_sdr": -0.09198102181818181,
        "p2_sdr": 0.00968998909090909,
        "diff": -0.1016710109090909
      },
      "ds_14": {
        "p3_sdr": 0.08151833454545455,
        "p2_sdr": -0.0041063309090909085,
        "diff": 0.08562466545454546
      },
      "ds_15": {
        "p3_sdr": 0.0793412509090909,
        "p2_sdr": 0.007917079999999998,
        "diff": 0.07142417090909091
      },
      "ds_16": {
        "p3_sdr": 0.09968065090909091,
        "p2_sdr": 0.008813185454545455,
        "diff": 0.09086746545454545
      },
      "ds_17": {
        "p3_sdr": 0.09412622545454545,
        "p2_sdr": 0.006875472727272727,
        "diff": 0.08725075272727273
      },
      "ds_18": {
        "p3_sdr": -0.10961371272727272,
        "p2_sdr": -0.025063189090909092,
        "diff": -0.08455052363636362
      },
      "ds_19": {
        "p3_sdr": 0.10785793454545455,
        "p2_sdr": -0.003148490909090909,
        "diff": 0.11100642545454545
      }
    }
  }
}