{
  "analysis_seed": 20260716,
  "bootstrap_reps": 10000,
  "bootstrap_unit": "dataset_index",
  "runner_sha": "6089aacabffde66fa600968c31d165eb711fd1661c22e8f9c536a9ddc3f89032",
  "csv_sha": "6e3aa4c7edbc6f476ad3494be659892a0dd7271a109a66ff69ee8f1d6dfca9d8",
  "analysis_script_sha": "daae7c39a121594e92be6c3237066948cf7f9d42f2a3aa6ca228eb7124320bf5",
  "policy_registry_sha": "8c10a48c279c95dd47ea7850a1382946f87dab4581d212574c4d94eaaccd7502",
  "bundle_manifest_sha": "304c96aeb035ef73ac77703c152a4fe05b00bad97222c4b7cdc080767734221c",
  "results": {
    "budget_0.01": {
      "observed_diff": 0.058521,
      "bootstrap_mean": 0.058525,
      "ci_lo": 0.043721,
      "ci_hi": 0.070923,
      "p3_better_prob": 1.0,
      "p3_sdr": 0.059267,
      "p2_sdr": 0.000746,
      "p3_recall": 0.4054,
      "p3_retention": 0.9758,
      "dataset_effects": {
        "ds_0": {
          "p3_sdr": 0.0673696581818182,
          "p2_sdr": -0.005045469090909091,
          "diff": 0.0724151272727273
        },
        "ds_1": {
          "p3_sdr": 0.08452826181818182,
          "p2_sdr": -0.0015999163636363635,
          "diff": 0.08612817818181819
        },
        "ds_2": {
          "p3_sdr": 0.07414693454545454,
          "p2_sdr": -0.0035960109090909095,
          "diff": 0.07774294545454545
        },
        "ds_3": {
          "p3_sdr": -0.007258556363636359,
          "p2_sdr": -0.0018761054545454548,
          "diff": -0.0053824509090909045
        },
        "ds_4": {
          "p3_sdr": 0.06758276,
          "p2_sdr": 0.00027582909090909113,
          "diff": 0.06730693090909091
        },
        "ds_5": {
          "p3_sdr": 0.068809,
          "p2_sdr": -0.0040534690909090915,
          "diff": 0.07286246909090908
        },
        "ds_6": {
          "p3_sdr": 0.07983346181818181,
          "p2_sdr": 0.0003684690909090909,
          "diff": 0.07946499272727271
        },
        "ds_7": {
          "p3_sdr": 0.059493418181818185,
          "p2_sdr": -0.0008202363636363638,
          "diff": 0.06031365454545455
        },
        "ds_8": {
          "p3_sdr": 0.020974920000000005,
          "p2_sdr": 0.009420803636363637,
          "diff": 0.011554116363636367
        },
        "ds_9": {
          "p3_sdr": 0.08390889090909091,
          "p2_sdr": -0.0005878836363636364,
          "diff": 0.08449677454545455
        },
        "ds_10": {
          "p3_sdr": 0.04917849818181819,
          "p2_sdr": 0.0029626981818181813,
          "diff": 0.04621580000000001
        },
        "ds_11": {
          "p3_sdr": 0.0902161490909091,
          "p2_sdr": -0.0005714436363636364,
          "diff": 0.09078759272727273
        },
        "ds_12": {
          "p3_sdr": 0.05197136,
          "p2_sdr": -0.000635210909090909,
          "diff": 0.05260657090909091
        },
        "ds_13": {
          "p3_sdr": -0.013226483636363638,
          "p2_sdr": 0.013103716363636364,
          "diff": -0.0263302
        },
        "ds_14": {
          "p3_sdr": 0.08321241454545454,
          "p2_sdr": -0.0019707381818181817,
          "diff": 0.08518315272727273
        },
        "ds_15": {
          "p3_sdr": 0.05908026545454546,
          "p2_sdr": 0.010885156363636364,
          "diff": 0.04819510909090909
        },
        "ds_16": {
          "p3_sdr": 0.07647954181818183,
          "p2_sdr": 4.531636363636354e-05,
          "diff": 0.07643422545454547
        },
        "ds_17": {
          "p3_sdr": 0.07442575272727273,
          "p2_sdr": 0.00012864000000000026,
          "diff": 0.07429711272727273
        },
        "ds_18": {
          "p3_sdr": 0.04207993818181819,
          "p2_sdr": -0.0011751163636363638,
          "diff": 0.04325505454545455
        },
        "ds_19": {
          "p3_sdr": 0.07253760727272728,
          "p2_sdr": -0.0003449163636363636,
          "diff": 0.07288252363636363
        }
      }
    },
    "budget_0.05": {
      "observed_diff": 0.060679,
      "bootstrap_mean": 0.060696,
      "ci_lo": 0.04571,
      "ci_hi": 0.07329,
      "p3_better_prob": 1.0,
      "p3_sdr": 0.061448,
      "p2_sdr": 0.000769,
      "p3_recall": 0.4104,
      "p3_retention": 0.9756,
      "dataset_effects": {
        "ds_0": {
          "p3_sdr": 0.0673696581818182,
          "p2_sdr": -0.005045469090909091,
          "diff": 0.0724151272727273
        },
        "ds_1": {
          "p3_sdr": 0.08452826181818182,
          "p2_sdr": -0.0015999163636363635,
          "diff": 0.08612817818181819
        },
        "ds_2": {
          "p3_sdr": 0.07414693454545454,
          "p2_sdr": -0.0035960109090909095,
          "diff": 0.07774294545454545
        },
        "ds_3": {
          "p3_sdr": -0.0020900799999999976,
          "p2_sdr": -0.001516909090909091,
          "diff": -0.0005731709090909067
        },
        "ds_4": {
          "p3_sdr": 0.06758276,
          "p2_sdr": 0.00027582909090909113,
          "diff": 0.06730693090909091
        },
        "ds_5": {
          "p3_sdr": 0.068809,
          "p2_sdr": -0.0040534690909090915,
          "diff": 0.07286246909090908
        },
        "ds_6": {
          "p3_sdr": 0.07983346181818181,
          "p2_sdr": 0.0003684690909090909,
          "diff": 0.07946499272727271
        },
        "ds_7": {
          "p3_sdr": 0.06930758545454545,
          "p2_sdr": -0.0007233636363636366,
          "diff": 0.07003094909090908
        },
        "ds_8": {
          "p3_sdr": 0.020974920000000005,
          "p2_sdr": 0.009420803636363637,
          "diff": 0.011554116363636367
        },
        "ds_9": {
          "p3_sdr": 0.08390889090909091,
          "p2_sdr": -0.0005878836363636364,
          "diff": 0.08449677454545455
        },
        "ds_10": {
          "p3_sdr": 0.04917849818181819,
          "p2_sdr": 0.0029626981818181813,
          "diff": 0.04621580000000001
        },
        "ds_11": {
          "p3_sdr": 0.1014752509090909,
          "p2_sdr": -0.000658269090909091,
          "diff": 0.10213351999999999
        },
        "ds_12": {
          "p3_sdr": 0.05197136,
          "p2_sdr": -0.000635210909090909,
          "diff": 0.05260657090909091
        },
        "ds_13": {
          "p3_sdr": -0.013226483636363638,
          "p2_sdr": 0.013103716363636364,
          "diff": -0.0263302
        },
        "ds_14": {
          "p3_sdr": 0.08321241454545454,
          "p2_sdr": -0.0019707381818181817,
          "diff": 0.08518315272727273
        },
        "ds_15": {
          "p3_sdr": 0.06760516000000001,
          "p2_sdr": 0.0108686,
          "diff": 0.05673656000000001
        },
        "ds_16": {
          "p3_sdr": 0.07647954181818183,
          "p2_sdr": 4.531636363636354e-05,
          "diff": 0.07643422545454547
        },
        "ds_17": {
          "p3_sdr": 0.07442575272727273,
          "p2_sdr": 0.00012864000000000026,
          "diff": 0.07429711272727273
        },
        "ds_18": {
          "p3_sdr": 0.04207993818181819,
          "p2_sdr": -0.0011751163636363638,
          "diff": 0.04325505454545455
        },
        "ds_19": {
          "p3_sdr": 0.08139369090909092,
          "p2_sdr": -0.00023433090909090898,
          "diff": 0.08162802181818182
        }
      }
    },
    "budget_0.10": {
      "observed_diff": 0.06033,
      "bootstrap_mean": 0.060342,
      "ci_lo": 0.033014,
      "ci_hi": 0.082947,
      "p3_better_prob": 1.0,
      "p3_sdr": 0.060981,
      "p2_sdr": 0.000651,
      "p3_recall": 0.4972,
      "p3_retention": 0.946,
      "dataset_effects": {
        "ds_0": {
          "p3_sdr": 0.07974996000000002,
          "p2_sdr": -0.004682578181818182,
          "diff": 0.0844325381818182
        },
        "ds_1": {
          "p3_sdr": 0.09464035636363637,
          "p2_sdr": -0.001342210909090909,
          "diff": 0.09598256727272728
        },
        "ds_2": {
          "p3_sdr": 0.0869284509090909,
          "p2_sdr": -0.00879114909090909,
          "diff": 0.09571959999999999
        },
        "ds_3": {
          "p3_sdr": -0.09341041818181818,