{
  "tabm": {
    "M04": {
      "mean": -0.002496,
      "ci": [
        -0.004058,
        -0.001057
      ],
      "neg_proportion": 0.592
    },
    "M05": {
      "mean": -0.002435,
      "ci": [
        -0.004508,
        -0.000566
      ],
      "neg_proportion": 0.58
    }
  },
  "modernnca": {
    "M04": {
      "mean": -0.005176,
      "ci": [
        -0.008756,
        -0.001026
      ],
      "neg_proportion": 0.562
    },
    "M05": {
      "mean": -0.00728,
      "ci": [
        -0.013146,
        -0.001987
      ],
      "neg_proportion": 0.532
    }
  },
  "tabr": {
    "M04": {
      "mean": -0.004553,
      "ci": [
        -0.009607,
        0.000204
      ],
      "neg_proportion": 0.634
    },
    "M05": {
      "mean": -0.004118,
      "ci": [
        -0.009577,
        0.001206
      ],
      "neg_proportion": 0.624
    }
  }
}