model,mechanism,mean,ci_lo,ci_hi,neg_cell_rate,neg_dataset_rate,median
tabm,M04,-0.002495,-0.004058,-0.001057,0.592,0.75,-0.001357
tabm,M05,-0.002434,-0.004508,-0.000566,0.58,0.7,-0.001107
modernnca,M04,-0.005133,-0.008756,-0.001026,0.562,0.8,-0.001906
modernnca,M05,-0.007232,-0.013146,-0.001987,0.532,0.65,-0.00098
tabr,M04,-0.004556,-0.009607,0.000204,0.634,0.55,-0.009369
tabr,M05,-0.004127,-0.009577,0.001206,0.624,0.6,-0.006892
