{
  "shard_count": 64,
  "shard_stats": {
    "0": {
      "count": 86,
      "workload_sum": 1750.0,
      "workload_mean": 20.348837209302324
    },
    "1": {
      "count": 86,
      "workload_sum": 1750.0,
      "workload_mean": 20.348837209302324
    },
    "2": {
      "count": 86,
      "workload_sum": 1750.0,
      "workload_mean": 20.348837209302324
    },
    "3": {
      "count": 86,
      "workload_sum": 1750.0,
      "workload_mean": 20.348837209302324
    },
    "4": {
      "count": 86,
      "workload_sum": 1750.0,
      "workload_mean": 20.348837209302324
    },
    "5": {
      "count": 86,
      "workload_sum": 1750.0,
      "workload_mean": 20.348837209302324
    },
    "6": {
      "count": 86,
      "workload_sum": 1750.0,
      "workload_mean": 20.348837209302324
    },
    "7": {
      "count": 86,
      "workload_sum": 1750.0,
      "workload_mean": 20.348837209302324
    },
    "8": {
      "count": 86,
      "workload_sum": 1750.0,
      "workload_mean": 20.348837209302324
    },
    "9": {
      "count": 86,
      "workload_sum": 1750.0,
      "workload_mean": 20.348837209302324
    },
    "10": {
      "count": 86,
      "workload_sum": 1750.0,
      "workload_mean": 20.348837209302324
    },
    "11": {
      "count": 86,
      "workload_sum": 1750.0,
      "workload_mean": 20.348837209302324
    },
    "12": {
      "count": 86,
      "workload_sum": 1750.0,
      "workload_mean": 20.348837209302324
    },
    "13": {
      "count": 86,
      "workload_sum": 1750.0,
      "workload_mean": 20.348837209302324
    },
    "14": {
      "count": 86,
      "workload_sum": 1750.0,
      "workload_mean": 20.348837209302324
    },
    "15": {
      "count": 86,
      "workload_sum": 1750.0,
      "workload_mean": 20.348837209302324
    },
    "16": {
      "count": 86,
      "workload_sum": 1749.0,
      "workload_mean": 20.337209302325583
    },
    "17": {
      "count": 86,
      "workload_sum": 1749.0,
      "workload_mean": 20.337209302325583
    },
    "18": {
      "count": 86,
      "workload_sum": 1749.0,
      "workload_mean": 20.337209302325583
    },
    "19": {
      "count": 86,
      "workload_sum": 1749.0,
      "workload_mean": 20.337209302325583
    },
    "20": {
      "count": 86,
      "workload_sum": 1749.0,
      "workload_mean": 20.337209302325583
    },
    "21": {
      "count": 86,
      "workload_sum": 1749.0,
      "workload_mean": 20.337209302325583
    },
    "22": {
      "count": 86,
      "workload_sum": 1749.0,
      "workload_mean": 20.337209302325583
    },
    "23": {
      "count": 86,
      "workload_sum": 1749.0,
      "workload_mean": 20.337209302325583
    },
    "24": {
      "count": 86,
      "workload_sum": 1749.0,
      "workload_mean": 20.337209302325583
    },
    "25": {
      "count": 86,
      "workload_sum": 1749.0,
      "workload_mean": 20.337209302325583
    },
    "26": {
      "count": 86,
      "workload_sum": 1749.0,
      "workload_mean": 20.337209302325583
    },
    "27": {
      "count": 86,
      "workload_sum": 1749.0,
      "workload_mean": 20.337209302325583
    },
    "28": {
      "count": 86,
      "workload_sum": 1749.0,
      "workload_mean": 20.337209302325583
    },
    "29": {
      "count": 86,
      "workload_sum": 1749.0,
      "workload_mean": 20.337209302325583
    },
    "30": {
      "count": 86,
      "workload_sum": 1749.0,
      "workload_mean": 20.337209302325583
    },
    "31": {
      "count": 86,
      "workload_sum": 1749.0,
      "workload_mean": 20.337209302325583
    },
    "32": {
      "count": 86,
      "workload_sum": 1749.0,
      "workload_mean": 20.337209302325583
    },
    "33": {
      "count": 86,
      "workload_sum": 1749.0,
      "workload_mean": 20.337209302325583
    },
    "34": {
      "count": 86,
      "workload_sum": 1749.0,
      "workload_mean": 20.337209302325583
    },
    "35": {
      "count": 86,
      "workload_sum": 1749.0,
      "workload_mean": 20.337209302325583
    },
    "36": {
      "count": 86,
      "workload_sum": 1749.0,
      "workload_mean": 20.337209302325583
    },
    "37": {
      "count": 86,
      "workload_sum": 1749.0,
      "workload_mean": 20.337209302325583
    },
    "38": {
      "count": 86,
      "workload_sum": 1749.0,
      "workload_mean": 20.337209302325583
    },
    "39": {
      "count": 86,
      "workload_sum": 1749.0,
      "workload_mean": 20.337209302325583
    },
    "40": {
      "count": 86,
      "workload_sum": 1749.0,
      "workload_mean": 20.337209302325583
    },
    "41": {
      "count": 86,
      "workload_sum": 1749.0,
      "workload_mean": 20.337209302325583
    },
    "42": {
      "count": 86,
      "workload_sum": 1749.0,
      "workload_mean": 20.337209302325583
    },
    "43": {
      "count": 86,
      "workload_sum": 1749.0,
      "workload_mean": 20.337209302325583
    },
    "44": {
      "count": 86,
      "workload_sum": 1749.0,
      "workload_mean": 20.337209302325583
    },
    "45": {
      "count": 86,
      "workload_sum": 1749.0,
      "workload_mean": 20.337209302325583
    },
    "46": {
      "count": 86,
      "workload_sum": 1749.0,
      "workload_mean": 20.337209302325583
    },
    "47": {
      "count": 86,
      "workload_sum": 1749.0,
      "workload_mean": 20.337209302325583
    },
    "48": {
      "count": 86,
      "workload_sum": 1749.0,
      "workload_mean": 20.337209302325583
    },
    "49": {
      "count": 86,
      "workload_sum": 1749.0,
      "workload_mean": 20.337209302325583
    },
    "50": {
      "count": 86,
      "workload_sum": 1749.0,
      "workload_mean": 20.337209302325583
    },
    "51": {
      "count": 86,
      "workload_sum": 1749.0,
      "workload_mean": 20.337209302325583
    },
    "52": {
      "count": 86,
      "workload_sum": 1749.0,
      "workload_mean": 20.337209302325583
    },
    "53": {
      "count": 86,
      "workload_sum": 1749.0,
      "workload_mean": 20.337209302325583
    },
    "54": {
      "count": 86,
      "workload_sum": 1749.0,
      "workload_mean": 20.337209302325583
    },
    "55": {
      "count": 86,
      "workload_sum": 1749.0,
      "workload_mean": 20.337209302325583
    },
    "56": {
      "count": 86,
      "workload_sum": 1749.0,
      "workload_mean": 20.337209302325583
    },
    "57": {
      "count": 86,
      "workload_sum": 1749.0,
      "workload_mean": 20.337209302325583
    },
    "58": {
      "count": 86,
      "workload_sum": 1749.0,
      "workload_mean": 20.337209302325583
    },
    "59": {
      "count": 86,
      "workload_sum": 1749.0,
      "workload_mean": 20.337209302325583
    },
    "60": {
      "count": 85,
      "workload_sum": 1736.0,
      "workload_mean": 20.423529411764704
    },
    "61": {
      "count": 85,
      "workload_sum": 1736.0,
      "workload_mean": 20.423529411764704
    },
    "62": {
      "count": 85,
      "workload_sum": 1736.0,
      "workload_mean": 20.423529411764704
    },
    "63": {
      "count": 85,
      "workload_sum": 1736.0,
      "workload_mean": 20.423529411764704
    }
  }
}