model,n,mean,median,ci_lo,ci_hi,pos_rate,neg_rate,near_zero_rate
lr,500,0.0039169678915536325,0.00381803296842625,0.002739079123871889,0.005075216599699902,0.446,0.22,0.334
rf,500,0.005712495488349411,0.00705330841256685,0.003894629351557068,0.007535555559170144,0.546,0.286,0.168
lightgbm,500,0.002260794406422043,0.00426115524653335,-0.00034724475546555494,0.004838101329929945,0.48,0.35,0.17
catboost,500,0.00800323261469006,0.0077389931714543,0.004995722833121342,0.010893430440253527,0.546,0.314,0.14
tabm,500,0.0026096044413433466,0.0036104910457721,0.0010831418205661575,0.0041045792856990665,0.458,0.274,0.268
