strength,mean,median,size
S1,-0.0023569299322989527,-0.00025977392705325,500
S2,0.002624608963033953,0.00283714166428225,500
S3,0.005835112006166215,0.0067002232770552,500
S4,0.007247254330942241,0.00741010849922665,500
S5,0.009153049474515037,0.00866605525284565,500
