iter	Logloss
0	0.6841104715
1	0.6771478266
2	0.6637630439
3	0.6525788015
4	0.6448743137
5	0.6361126306
6	0.6276178952
7	0.6196039632
8	0.6142380265
9	0.6072750887
10	0.6008508375
11	0.5898999986
12	0.5822112777
13	0.5773204063
14	0.5719512061
15	0.5612788144
16	0.5519724716
17	0.5425606027
18	0.5368900714
19	0.5280761823
20	0.5182133901
21	0.5074580668
22	0.503825471
23	0.4970624293
24	0.4918092114
25	0.4877010148
26	0.481142201
27	0.4743333156
28	0.4670935179
29	0.4619213022
30	0.4582889575
