quartile,gap_range,n_keys,paired_effect,ci_lo,ci_hi
Q1_low,"[0.0000,0.0028]",1375,-0.055817,-0.096233,-0.021149
Q2,"[0.0028,0.0972]",1375,-0.038855,-0.075094,-0.008112
Q3,"[0.0974,0.2476]",1375,0.083028,0.054193,0.107785
Q4_high,"[0.2478,0.4296]",1375,0.202625,0.17943,0.223163
