quartile,gap_range,n_keys,P3_SDR,P2_SDR,paired_effect,ci_lo,ci_hi,P3_better_prob,mechanisms
Q1_low,"[0.000,0.003]",1375,-0.087286,-0.028591,0.0,0.0,0.0,0.5001,"M01,M03,M04,M05,M07,M08,M10"
Q2,"[0.003,0.097]",1375,-0.044473,-0.005446,0.0,0.0,0.0,0.4978,"M01,M02,M03,M04,M05,M06,M07,M08,M09,M10,M11"
Q3,"[0.097,0.248]",1375,0.095616,0.021065,0.0,0.0,0.0,0.4994,"M01,M02,M06,M07,M09,M10,M11"
Q4_high,"[0.248,0.430]",1375,0.239186,0.014215,0.0,0.0,0.0,0.4958,"M01,M02,M06,M07,M09,M10,M11"
