quartile,gap_range,n_keys,paired_effect,ci_lo,ci_hi
Q1_low,"[0.0000,0.0028]",5500,-0.03692,-0.064815,-0.012641
Q2,"[0.0028,0.0972]",5500,-0.009925,-0.028097,0.005283
Q3,"[0.0974,0.2476]",5500,0.114663,0.102441,0.125662
Q4_high,"[0.2478,0.4296]",5500,0.161616,0.147308,0.175224
