{
  "LR_overall": {
    "paired": 0.054391,
    "ci_lo": 0.033144,
    "ci_hi": 0.073221,
    "P3_better": 1.0,
    "n_keys": 22000
  },
  "RF_overall": {
    "paired": 0.054744,
    "ci_lo": 0.025084,
    "ci_hi": 0.081983,
    "P3_better": 0.9988,
    "n_keys": 5500
  },
  "LightGBM_overall": {
    "paired": 0.056119,
    "ci_lo": 0.02778,
    "ci_hi": 0.081745,
    "P3_better": 0.9997,
    "n_keys": 5500
  },
  "LR_simple": {
    "paired": 0.128356,
    "ci_lo": 0.106349,
    "ci_hi": 0.149444
  },
  "RF_simple": {
    "paired": 0.103923,
    "ci_lo": 0.066039,
    "ci_hi": 0.139517
  },
  "LightGBM_simple": {
    "paired": 0.10276,
    "ci_lo": 0.065758,
    "ci_hi": 0.137759
  },
  "LR_structured": {
    "paired": -0.008494,
    "ci_lo": -0.030479,
    "ci_hi": 0.010499
  },
  "RF_structured": {
    "paired": 0.002584,
    "ci_lo": -0.024973,
    "ci_hi": 0.027717
  },
  "LightGBM_structured": {
    "paired": 0.006837,
    "ci_lo": -0.020214,
    "ci_hi": 0.031516
  },
  "LR_boundary": {
    "paired": 0.039617,
    "ci_lo": 0.018472,
    "ci_hi": 0.05816
  },
  "RF_boundary": {
    "paired": 0.058718,
    "ci_lo": 0.034813,
    "ci_hi": 0.081139
  },
  "LightGBM_boundary": {
    "paired": 0.059639,
    "ci_lo": 0.038057,
    "ci_hi": 0.07956
  },
  "LR_M01": {
    "paired": 0.126883,
    "ci_lo": 0.101014,
    "ci_hi": 0.151278,
    "initial_gap": 0.17287
  },
  "RF_M01": {
    "paired": 0.081497,
    "ci_lo": 0.039472,
    "ci_hi": 0.12034,
    "initial_gap": 0.189514
  },
  "LightGBM_M01": {
    "paired": 0.079251,
    "ci_lo": 0.038755,
    "ci_hi": 0.117214,
    "initial_gap": 0.1908
  },
  "LR_M02": {
    "paired": 0.149316,
    "ci_lo": 0.122879,
    "ci_hi": 0.174767,
    "initial_gap": 0.196254
  },
  "RF_M02": {
    "paired": 0.097119,
    "ci_lo": 0.054159,
    "ci_hi": 0.136565,
    "initial_gap": 0.209944
  },
  "LightGBM_M02": {
    "paired": 0.096467,
    "ci_lo": 0.054535,
    "ci_hi": 0.135753,
    "initial_gap": 0.215191
  },
  "LR_M03": {
    "paired": -0.037297,
    "ci_lo": -0.065535,
    "ci_hi": -0.012755,
    "initial_gap": 0.003605
  },
  "RF_M03": {
    "paired": -0.022048,
    "ci_lo": -0.048913,
    "ci_hi": 0.0067,
    "initial_gap": 0.227906
  },
  "LightGBM_M03": {
    "paired": -0.021848,
    "ci_lo": -0.055684,
    "ci_hi": 0.013493,
    "initial_gap": 0.297928
  },
  "LR_M04": {
    "paired": -0.037713,
    "ci_lo": -0.066047,
    "ci_hi": -0.013043,
    "initial_gap": 0.001495
  },
  "RF_M04": {
    "paired": -0.054039,
    "ci_lo": -0.085465,
    "ci_hi": -0.024982,
    "initial_gap": 0.016557
  },
  "LightGBM_M04": {
    "paired": -0.048525,
    "ci_lo": -0.079206,
    "ci_hi": -0.019936,
    "initial_gap": 0.012438
  },
  "LR_M05": {
    "paired": -0.037332,
    "ci_lo": -0.065649,
    "ci_hi": -0.012814,
    "initial_gap": 0.001631
  },
  "RF_M05": {
    "paired": -0.05358,
    "ci_lo": -0.084667,
    "ci_hi": -0.024733,
    "initial_gap": 0.016756
  },
  "LightGBM_M05": {
    "paired": -0.048578,
    "ci_lo": -0.079792,
    "ci_hi": -0.019549,
    "initial_gap": 0.012284
  },
  "LR_M06": {
    "paired": 0.066015,
    "ci_lo": 0.054161,
    "ci_hi": 0.077979,
    "initial_gap": 0.271031
  },
  "RF_M06": {
    "paired": 0.121764,
    "ci_lo": 0.094287,
    "ci_hi": 0.150635,
    "initial_gap": 0.296414
  },
  "LightGBM_M06": {
    "paired": 0.120895,
    "ci_lo": 0.094235,
    "ci_hi": 0.148801,
    "initial_gap": 0.303302
  },
  "LR_M07": {
    "paired": 0.070492,
    "ci_lo": 0.046222,
    "ci_hi": 0.091847,
    "initial_gap": 0.111747
  },
  "RF_M07": {
    "paired": 0.028602,
    "ci_lo": -0.01028,
    "ci_hi": 0.063529,
    "initial_gap": 0.126915
  },
  "LightGBM_M07": {
    "paired": 0.028728,
    "ci_lo": -0.009111,
    "ci_hi": 0.063158,
    "initial_gap": 0.131174
  },
  "LR_M08": {
    "paired": -0.029469,
    "ci_lo": -0.055606,
    "ci_hi": -0.007167,
    "initial_gap": 0.007924
  },
  "RF_M08": {
    "paired": -0.049196,
    "ci_lo": -0.079282,
    "ci_hi": -0.02163,
    "initial_gap": 0.020344
  },
  "LightGBM_M08": {
    "paired": -0.046163,
    "ci_lo": -0.076,
    "ci_hi": -0.018507,
    "initial_gap": 0.018478
  },
  "LR_M09": {
    "paired": 0.070537,
    "ci_lo": 0.060625,
    "ci_hi": 0.081297,
    "initial_gap": 0.224652
  },
  "RF_M09": {
    "paired": 0.167152,
    "ci_lo": 0.145537,
    "ci_hi": 0.188078,
    "initial_gap": 0.245733
  },
  "LightGBM_M09": {
    "paired": 0.170616,
    "ci_lo": 0.148779,
    "ci_hi": 0.191559,
    "initial_gap": 0.247471
  },
  "LR_M10": {
    "paired": 0.171213,
    "ci_lo": 0.146429,
    "ci_hi": 0.194937,
    "initial_gap": 0.216936
  },
  "RF_M10": {
    "paired": 0.115311,
    "ci_lo": 0.070572,
    "ci_hi": 0.156051,
    "initial_gap": 0.232337
  },
  "LightGBM_M10": {
    "paired": 0.114426,
    "ci_lo": 0.072602,
    "ci_hi": 0.153213,
    "initial_gap": 0.238693
  },
  "LR_M11": {
    "paired": 0.085655,
    "ci_lo": 0.072748,
    "ci_hi": 0.098399,
    "initial_gap": 0.273554
  },
  "RF_M11": {
    "paired": 0.1696,
    "ci_lo": 0.140263,
    "ci_hi": 0.19921,
    "initial_gap": 0.299232
  },
  "LightGBM_M11": {
    "paired": 0.172037,
    "ci_lo": 0.143686,
    "ci_hi": 0.199693,
    "initial_gap": 0.306975
  },
  "interaction_LR_vs_RF": {
    "diff": -0.000391,
    "ci_lo": -0.011438,
    "ci_hi": 0.011025
  },
  "interaction_LR_vs_LightGBM": {
    "diff": -0.001769,
    "ci_lo": -0.01296,
    "ci_hi": 0.010442
  },
  "interaction_RF_vs_LightGBM": {
    "diff": -0.001378,
    "ci_lo": -0.0089,
    "ci_hi": 0.005861
  },
  "gap_quartile_Q1_low": {
    "paired": -0.03692,
    "ci_lo": -0.064815,
    "ci_hi": -0.012641,
    "gap_range": [
      0.0,
      0.0028
    ],
    "n_keys": 5500
  },
  "gap_quartile_Q2": {
    "paired": -0.009925,
    "ci_lo": -0.028097,
    "ci_hi": 0.005283,
    "gap_range": [
      0.0028,
      0.0972
    ],
    "n_keys": 5500
  },
  "gap_quartile_Q3": {
    "paired": 0.114663,
    "ci_lo": 0.102441,
    "ci_hi": 0.125662,
    "gap_range": [
      0.0974,
      0.2476
    ],
    "n_keys": 5500
  },
  "gap_quartile_Q4_high": {
    "paired": 0.161616,
    "ci_lo": 0.147308,
    "ci_hi": 0.175224,
    "gap_range": [
      0.2478,
      0.4296
    ],
    "n_keys": 5500
  },
  "archetype_drifting": {
    "paired": 0.0808,
    "ci_lo": 0.07081,
    "ci_hi": 0.088998,
    "n_tasks": 4
  },
  "archetype_interaction": {
    "paired": 0.09098,
    "ci_lo": 0.082245,
    "ci_hi": 0.10266,
    "n_tasks": 4
  },
  "archetype_linear": {
    "paired": 0.065232,
    "ci_lo": 0.058779,
    "ci_hi": 0.071038,
    "n_tasks": 4
  },
  "archetype_nonlinear": {
    "paired": 0.068053,
    "ci_lo": 0.056674,
    "ci_hi": 0.077958,
    "n_tasks": 4
  },
  "archetype_sparse": {
    "paired": -0.033111,
    "ci_lo": -0.056029,
    "ci_hi": -0.010193,
    "n_tasks": 4
  },
  "archetype_LOAO_drifting": {
    "paired": 0.047789,
    "ci_lo": 0.021403,
    "ci_hi": 0.070641
  },
  "archetype_LOAO_interaction": {
    "paired": 0.045243,
    "ci_lo": 0.020154,
    "ci_hi": 0.066456
  },
  "archetype_LOAO_linear": {
    "paired": 0.051681,
    "ci_lo": 0.024825,
    "ci_hi": 0.074889
  },
  "archetype_LOAO_nonlinear": {
    "paired": 0.050975,
    "ci_lo": 0.023911,
    "ci_hi": 0.073805
  },
  "archetype_LOAO_sparse": {
    "paired": 0.076266,
    "ci_lo": 0.069187,
    "ci_hi": 0.083242
  },
  "analysis_seed": 20260717,
  "bootstrap_reps": 10000,
  "bootstrap_unit": "dataset_index",
  "budget": 0.2,
  "input_hashes": {
    "b1_lr": "7cf1c84128829ba795dde77e20f7f74ca982a2a1cce33a578fc3a2be9bad291f",
    "b2_rf": "f70d83356dc8b037628a3c38ef5895dd6966f802391ba7da7bffc57f890268f3",
    "b2_lgbm": "8d589b5bb94e30c132b49a57cf0af8d89f5ec8df3dfb26faadc57ba93f6ca8ad"
  }
}