{
  "LR_overall": {
    "paired": 0.043413,
    "bootstrap_mean": 0.043483,
    "ci_lo": 0.004153,
    "ci_hi": 0.077511,
    "P3_better": 0.9853,
    "n_keys": 5500
  },
  "RF_overall": {
    "paired": 0.054744,
    "bootstrap_mean": 0.05483,
    "ci_lo": 0.025084,
    "ci_hi": 0.081983,
    "P3_better": 0.9995,
    "n_keys": 5500
  },
  "LightGBM_overall": {
    "paired": 0.056119,
    "bootstrap_mean": 0.056209,
    "ci_lo": 0.02778,
    "ci_hi": 0.081745,
    "P3_better": 0.9998,
    "n_keys": 5500
  },
  "LR_simple": {
    "paired": 0.094131,
    "bootstrap_mean": 0.094212,
    "ci_lo": 0.050242,
    "ci_hi": 0.133339,
    "P3_better": 1.0
  },
  "RF_simple": {
    "paired": 0.103923,
    "bootstrap_mean": 0.104063,
    "ci_lo": 0.066039,
    "ci_hi": 0.139517,
    "P3_better": 1.0
  },
  "LightGBM_simple": {
    "paired": 0.10276,
    "bootstrap_mean": 0.102908,
    "ci_lo": 0.065758,
    "ci_hi": 0.137759,
    "P3_better": 1.0
  },
  "LR_structured": {
    "paired": -0.00394,
    "bootstrap_mean": -0.003884,
    "ci_lo": -0.038503,
    "ci_hi": 0.025709,
    "P3_better": 0.4321
  },
  "RF_structured": {
    "paired": 0.002584,
    "bootstrap_mean": 0.002647,
    "ci_lo": -0.024973,
    "ci_hi": 0.027717,
    "P3_better": 0.585
  },
  "LightGBM_structured": {
    "paired": 0.006837,
    "bootstrap_mean": 0.006907,
    "ci_lo": -0.020214,
    "ci_hi": 0.031516,
    "P3_better": 0.7016
  },
  "LR_boundary": {
    "paired": 0.038928,
    "bootstrap_mean": 0.038999,
    "ci_lo": -0.000435,
    "ci_hi": 0.07327,
    "P3_better": 0.9733
  },
  "RF_boundary": {
    "paired": 0.058718,
    "bootstrap_mean": 0.058766,
    "ci_lo": 0.034813,
    "ci_hi": 0.081139,
    "P3_better": 1.0
  },
  "LightGBM_boundary": {
    "paired": 0.059639,
    "bootstrap_mean": 0.059678,
    "ci_lo": 0.038057,
    "ci_hi": 0.07956,
    "P3_better": 1.0
  },
  "LR_M01": {
    "paired": 0.069394,
    "bootstrap_mean": 0.069479,
    "ci_lo": 0.018748,
    "ci_hi": 0.113898,
    "P3_better": 0.9963,
    "initial_gap": 0.17287
  },
  "RF_M01": {
    "paired": 0.081497,
    "bootstrap_mean": 0.081631,
    "ci_lo": 0.039472,
    "ci_hi": 0.12034,
    "P3_better": 0.9997,
    "initial_gap": 0.189514
  },
  "LightGBM_M01": {
    "paired": 0.079251,
    "bootstrap_mean": 0.079411,
    "ci_lo": 0.038755,
    "ci_hi": 0.117214,
    "P3_better": 0.9999,
    "initial_gap": 0.1908
  },
  "LR_M02": {
    "paired": 0.086892,
    "bootstrap_mean": 0.086962,
    "ci_lo": 0.034797,
    "ci_hi": 0.132823,
    "P3_better": 0.9989,
    "initial_gap": 0.196254
  },
  "RF_M02": {
    "paired": 0.097119,
    "bootstrap_mean": 0.097246,
    "ci_lo": 0.054159,
    "ci_hi": 0.136565,
    "P3_better": 1.0,
    "initial_gap": 0.209944
  },
  "LightGBM_M02": {
    "paired": 0.096467,
    "bootstrap_mean": 0.096621,
    "ci_lo": 0.054535,
    "ci_hi": 0.135753,
    "P3_better": 1.0,
    "initial_gap": 0.215191
  },
  "LR_M03": {
    "paired": -0.056751,
    "bootstrap_mean": -0.05671,
    "ci_lo": -0.097237,
    "ci_hi": -0.021631,
    "P3_better": 0.0,
    "initial_gap": 0.003605
  },
  "RF_M03": {
    "paired": -0.022048,
    "bootstrap_mean": -0.022168,
    "ci_lo": -0.048913,
    "ci_hi": 0.0067,
    "P3_better": 0.0673,
    "initial_gap": 0.227906
  },
  "LightGBM_M03": {
    "paired": -0.021848,
    "bootstrap_mean": -0.022022,
    "ci_lo": -0.055684,
    "ci_hi": 0.013493,
    "P3_better": 0.1103,
    "initial_gap": 0.297928
  },
  "LR_M04": {
    "paired": -0.056774,
    "bootstrap_mean": -0.056735,
    "ci_lo": -0.097297,
    "ci_hi": -0.021929,
    "P3_better": 0.0,
    "initial_gap": 0.001495
  },
  "RF_M04": {
    "paired": -0.054039,
    "bootstrap_mean": -0.053999,
    "ci_lo": -0.085465,
    "ci_hi": -0.024982,
    "P3_better": 0.0,
    "initial_gap": 0.016557
  },
  "LightGBM_M04": {
    "paired": -0.048525,
    "bootstrap_mean": -0.048494,
    "ci_lo": -0.079206,
    "ci_hi": -0.019936,
    "P3_better": 0.0,
    "initial_gap": 0.012438
  },
  "LR_M05": {
    "paired": -0.056234,
    "bootstrap_mean": -0.05619,
    "ci_lo": -0.096489,
    "ci_hi": -0.021598,
    "P3_better": 0.0,
    "initial_gap": 0.001631
  },
  "RF_M05": {
    "paired": -0.05358,
    "bootstrap_mean": -0.053543,
    "ci_lo": -0.084667,
    "ci_hi": -0.024733,
    "P3_better": 0.0,
    "initial_gap": 0.016756
  },
  "LightGBM_M05": {
    "paired": -0.048578,
    "bootstrap_mean": -0.048542,
    "ci_lo": -0.079792,
    "ci_hi": -0.019549,
    "P3_better": 0.0001,
    "initial_gap": 0.012284
  },
  "LR_M06": {
    "paired": 0.110223,
    "bootstrap_mean": 0.110298,
    "ci_lo": 0.080013,
    "ci_hi": 0.140407,
    "P3_better": 1.0,
    "initial_gap": 0.271031
  },
  "RF_M06": {
    "paired": 0.121764,
    "bootstrap_mean": 0.121869,
    "ci_lo": 0.094287,
    "ci_hi": 0.150635,
    "P3_better": 1.0,
    "initial_gap": 0.296414
  },
  "LightGBM_M06": {
    "paired": 0.120895,
    "bootstrap_mean": 0.121011,
    "ci_lo": 0.094235,
    "ci_hi": 0.148801,
    "P3_better": 1.0,
    "initial_gap": 0.303302
  },
  "LR_M07": {
    "paired": 0.018239,
    "bootstrap_mean": 0.018282,
    "ci_lo": -0.030204,
    "ci_hi": 0.059933,
    "P3_better": 0.7857,
    "initial_gap": 0.111747
  },
  "RF_M07": {
    "paired": 0.028602,
    "bootstrap_mean": 0.028677,
    "ci_lo": -0.01028,
    "ci_hi": 0.063529,
    "P3_better": 0.9251,
    "initial_gap": 0.126915
  },
  "LightGBM_M07": {
    "paired": 0.028728,
    "bootstrap_mean": 0.02882,
    "ci_lo": -0.009111,
    "ci_hi": 0.063158,
    "P3_better": 0.9297,
    "initial_gap": 0.131174
  },
  "LR_M08": {
    "paired": -0.051653,
    "bootstrap_mean": -0.05161,
    "ci_lo": -0.090202,
    "ci_hi": -0.018361,
    "P3_better": 0.0,
    "initial_gap": 0.007924
  },
  "RF_M08": {
    "paired": -0.049196,
    "bootstrap_mean": -0.049167,
    "ci_lo": -0.079282,
    "ci_hi": -0.02163,
    "P3_better": 0.0,
    "initial_gap": 0.020344
  },
  "LightGBM_M08": {
    "paired": -0.046163,
    "bootstrap_mean": -0.046115,
    "ci_lo": -0.076,
    "ci_hi": -0.018507,
    "P3_better": 0.0001,
    "initial_gap": 0.018478
  },
  "LR_M09": {
    "paired": 0.148903,
    "bootstrap_mean": 0.148998,
    "ci_lo": 0.125821,
    "ci_hi": 0.170974,
    "P3_better": 1.0,
    "initial_gap": 0.224652
  },
  "RF_M09": {
    "paired": 0.167152,
    "bootstrap_mean": 0.167296,
    "ci_lo": 0.145537,
    "ci_hi": 0.188078,
    "P3_better": 1.0,
    "initial_gap": 0.245733
  },
  "LightGBM_M09": {
    "paired": 0.170616,
    "bootstrap_mean": 0.17078,
    "ci_lo": 0.148779,
    "ci_hi": 0.191559,
    "P3_better": 1.0,
    "initial_gap": 0.247471
  },
  "LR_M10": {
    "paired": 0.110014,
    "bootstrap_mean": 0.110109,
    "ci_lo": 0.064266,
    "ci_hi": 0.150553,
    "P3_better": 1.0,
    "initial_gap": 0.216936
  },
  "RF_M10": {
    "paired": 0.115311,
    "bootstrap_mean": 0.115504,
    "ci_lo": 0.070572,
    "ci_hi": 0.156051,
    "P3_better": 1.0,
    "initial_gap": 0.232337
  },
  "LightGBM_M10": {
    "paired": 0.114426,
    "bootstrap_mean": 0.114588,
    "ci_lo": 0.072602,
    "ci_hi": 0.153213,
    "P3_better": 1.0,
    "initial_gap": 0.238693
  },
  "LR_M11": {
    "paired": 0.155295,
    "bootstrap_mean": 0.155426,
    "ci_lo": 0.123714,
    "ci_hi": 0.185496,
    "P3_better": 1.0,
    "initial_gap": 0.273554
  },
  "RF_M11": {
    "paired": 0.1696,
    "bootstrap_mean": 0.169788,
    "ci_lo": 0.140263,
    "ci_hi": 0.19921,
    "P3_better": 1.0,
    "initial_gap": 0.299232
  },
  "LightGBM_M11": {
    "paired": 0.172037,
    "bootstrap_mean": 0.172236,
    "ci_lo": 0.143686,
    "ci_hi": 0.199693,
    "P3_better": 1.0,
    "initial_gap": 0.306975
  },
  "interaction_LR_vs_RF": {
    "observed_diff": -0.01133,
    "bootstrap_mean": -0.011348,
    "ci_lo": -0.024735,
    "ci_hi": 0.000422,
    "probability_a_greater_b": 0.0302
  },
  "interaction_LR_vs_LightGBM": {
    "observed_diff": -0.012705,
    "bootstrap_mean": -0.012726,
    "ci_lo": -0.030564,
    "ci_hi": 0.002757,