task,initial_gap,p2_mean_sdr,p3_sdr,paired,p3_leak_recall,p3_legit_retention
BTSFlights,0.4266870247364043,8.52001711774501e-10,0.3477702126841653,0.34777021183216356,0.2916666666666667,0.9722222222222222
BankMarketing,0.094811344220793,-0.011632716480157464,0.0902510688928012,0.10188378537295867,1.0,0.8421052631578947
ChicagoFood,0.479704546565322,0.10941806093825128,0.4351281317937363,0.325710070855485,1.0,0.9285714285714285
LendingClub,0.3597526875224671,-0.0004344584584991102,0.2654477589175862,0.2658822173760853,0.6206896551724138,0.90990990990991
NYC311,0.019045731232445,0.0061154381307945,-0.1020742616847022,-0.1081896998154967,0.5,0.8157894736842105
