analysis,estimate,bootstrap_mean,ci_lo,ci_hi,probability_positive,clusters,n_keys
encoded_overall,0.043413451136363634,0.04365218306032364,0.004081873319772728,0.07813079981454543,0.9826,20,5500.0
semantic_recomposed_overall,0.03980477360353263,0.04007403140351206,-0.0031407324569980685,0.07716368826578238,0.9664,20,5500.0
encoded_M09,0.1489025015,0.14895913736444,0.12480514356250001,0.1709131063525,1.0,20,500.0
semantic_M09,0.10920704863885881,0.1095994691395126,0.05407330165246268,0.15797831210453978,0.9998,20,500.0
semantic_minus_encoded_M09,-0.03969545286114119,-0.0393596682249274,-0.07575098960888536,-0.008004236152104246,0.0054,20,
