left_out_model,mean_pairwise_spearman
lr,0.9500000000000001
rf,0.8060606060606061
lightgbm,0.8045454545454546
catboost,0.8333333333333335
tabm,0.8333333333333335
