mechanism,paired_harm,negative
M01,0.16441698493080992,False
M02,0.1883540136772809,False
M03,0.26702392907583744,False
M04,-0.0024964348815667303,True
M05,-0.002435199138337563,True
M06,0.26157072114044305,False
M07,0.11550359975055781,False
M08,0.0026096044413433466,False
M09,0.21475081878454147,False
M10,0.2104241768949701,False
M11,0.26407651206522986,False
