model,S1,S2,S3,S4,S5
catboost,0.06363030294143435,0.14771431840212818,0.19574606611701678,0.22359680392617512,0.24177840862041053
lightgbm,0.05709712067781064,0.1464268779082048,0.19835618311810854,0.22739390691273706,0.24679553430959403
lr,0.04408166566511867,0.10845988053072853,0.15035907582494054,0.17608039740110365,0.19240507380970273
rf,0.05232341291004219,0.1331381649861661,0.18299179879785477,0.21202171846678236,0.23027652551173614
tabm,0.05337213102409166,0.12798349016880736,0.17223272847603988,0.19783146591228343,0.2139432420283729
