main_R2,interaction_R2,model_x_mechanism_incr_R2
0.7558791511848968,0.8033045730466227,0.047425421861725936
