model,boundary,simple,structured
catboost,0.2438391756846138,0.23353227365714663,0.06344458958333378
lightgbm,0.243051380163508,0.23654087523057338,0.0630088822563459
lr,0.13089524369584693,0.21446439428953493,0.056626524215956604
rf,0.21277014397914,0.22598744891307443,0.06034833447249045
tabm,0.21553468029720835,0.20619147416087596,0.053107197301495136
