model,mean,median,std,iqr,ci_lo,ci_hi,pos_rate,neg_rate
lr,0.1342772186463188,0.0993234308743529,0.1350819741239644,0.24691053840101304,0.12233927861258143,0.14629041384575442,0.6878181818181818,0.045454545454545456
rf,0.16215032413451633,0.15896619737404125,0.14135697745628711,0.26968969951692584,0.14909867504745003,0.17546526330396173,0.8185454545454546,0.10472727272727272
lightgbm,0.17521392458529103,0.1766964344387956,0.15150337383337045,0.2984745665244035,0.15923821414937364,0.19093214910048692,0.812,0.09436363636363636
catboost,0.17449318000143296,0.17804413042578726,0.14917763461057715,0.2805623220907459,0.15923511664576093,0.18954909157797978,0.8392727272727273,0.11072727272727273
tabm,0.15307261152191903,0.15578755947902873,0.1310867456758575,0.2627701904297852,0.14117517192404636,0.16555121423523306,0.7958181818181819,0.08963636363636364
