comparison,mean_diff,median_diff,ci_lo,ci_hi,cohen_d
rf-lr,0.02787310548819749,0.009535865551563105,0.020714813484668894,0.034777337246027065,0.37741079540764005
lightgbm-lr,0.040936705938972195,0.013425006340398313,0.03009660304335629,0.052325948238087616,0.444097961954814
catboost-lr,0.04021596135511417,0.017518752593363877,0.032264084491334465,0.04845719046289298,0.4236668627262025
tabm-lr,0.018795392875600225,-0.000489598237503261,0.0119376768172558,0.025180650468700504,0.22003688230218826
catboost-rf,0.012342855866916677,0.005051979208570454,0.006565685846980034,0.01820306532560903,0.2851278523832947
catboost-lightgbm,-0.0007207445838580239,-0.0019692157120518514,-0.006409547338939417,0.004917564887353931,-0.021794528349573062
catboost-tabm,0.02142056847951395,0.0185762896831649,0.013462152460451932,0.029544424620066616,0.5721696450889185
rf-tabm,0.009077712612597268,0.010281577174680989,0.0023488191275886773,0.015225748896537238,0.24125188705711959
