{
  "structured_auprc": {
    "mean": 0.34598794551676465,
    "lo": 0.3150831243170673,
    "hi": 0.3760693760394299
  },
  "simple_auprc": {
    "mean": 0.9299134700304661,
    "lo": 0.916633701315433,
    "hi": 0.9425134386042879
  },
  "n_replicates": 10000,
  "seed": 20260714,
  "unit": "dataset_index"
}