mechanism,detectability_value
M01,0.8524921148132913
M02,0.9222149572649573
M03,0.13049120074971465
M04,0.12954715159625374
M05,0.13546345289901016
M06,0.998
M07,0.8233307494466318
M08,0.43140137400782913
M09,0.687225573799546
M10,0.9469166666666666
M11,0.8590781950077935
