simple_auprc_mean,simple_ci,structured_auprc_mean,structured_ci,diff_simple_minus_structured,diff_ci,structured_range
0.9299134700304661,"[0.916633701315433, 0.9425134386042879]",0.34598794551676465,"[0.3150831243170673, 0.3760693760394299]",0.5839255245137014,"[0.5619886367092098, 0.6057134301950976]","[0.12954715159625374, 0.687225573799546]"
