left_out,structured_mean
M04,0.4180301335687951
M05,0.41605803313454287
M08,0.3174120594316033
M09,0.23213732616769767
