left_out_dataset,structured_mean
0,0.3475514635878931
1,0.3460219122944583
2,0.341133267491187
3,0.3536019355019959
4,0.34479192634688327
5,0.3501763528133048
6,0.3418191048464883
7,0.35151677359744876
8,0.3462871221233291
9,0.34847819126660406
10,0.3387746888490441
11,0.3427829060408582
12,0.34541534587326334
13,0.35065254263977524
14,0.34644468172811205
15,0.3422331997977594
16,0.34217605668705897
17,0.34554784569413394
18,0.34776839264012693
19,0.3450140516934694
