strength,mean,median
S1,0.4403199976316409,0.3333333333333333
S2,0.6434072212080074,0.7842397186147185
S3,0.6815263521305484,1.0
S4,0.6873551957899121,1.0
S5,0.6911009769906612,1.0
