left_out,global_pearson,within_structured
M10,0.6766082001776018,0.8619942248626928
