R2_A_detect,R2_B_category,R2_C_both,R2_D_interaction,incr_detect_after_category,incr_category_after_detect
0.47838757720486513,0.5137627878585371,0.6189098217078843,0.8031556810023674,0.1051470338493472,0.1405222445030192
