{
  "global_pearson": 0.6916556782134192,
  "pearson_ci": [
    0.15735382319218125,
    0.9511889021777498
  ],
  "n_replicates": 10000,
  "seed": 20260714,
  "unit": "mechanism"
}