,pearson,pearson_p,spearman,kendall,slope,r2,n
simple,0.9492777712623467,0.0507222287376532,1.0,1.0,0.6957380201131347,0.9011282870128076,4.0
structured,0.8619942248626928,0.13800577513730716,0.7999999999999999,0.6666666666666669,0.37757809330505615,0.7430340436966346,4.0
boundary,-0.04434849041287048,0.9717576111629088,0.5,0.33333333333333337,-0.00881186088020528,0.0019667886019004684,3.0
