left_out,global_pearson
M01,0.6956643944042293
M02,0.687973452727278
M03,0.8864581043655749
M04,0.6024581569554354
M05,0.6038589792145597
M06,0.6466725325965665
M07,0.7276203318880226
M08,0.6954103468914229
M09,0.6981124514755024
M10,0.6766082001776018
M11,0.6746615711417325
