left_out,global_pearson,within_structured
M08,0.6954103468914229,0.9999557604195819
