pearson,pearson_p,spearman,kendall,slope,r2,n,pearson_ci
0.6916556782134192,0.018386251085597678,0.6454545454545455,0.5272727272727272,0.21831724460687751,0.47838757720486524,11,"[0.15735382319218125, 0.9511889021777498]"
