left_out_model,global_pearson
lr,0.6055270643234258
rf,0.694302226343819
lightgbm,0.7159686244294801
catboost,0.7219334476402035
tabm,0.716449313493832
