rank,encoded_index,feature_name,contract_label,mutual_information,selection_mask_hash
1,19,resolution_description,invalid,0.304094997,f0c54aeca2b67da7570d42abcf9d13e1b6334feb749448d45752944e1b731fed
2,4,descriptor,valid,0.274593907,f0c54aeca2b67da7570d42abcf9d13e1b6334feb749448d45752944e1b731fed
3,3,complaint_type,valid,0.269269827,f0c54aeca2b67da7570d42abcf9d13e1b6334feb749448d45752944e1b731fed
4,0,unique_key,valid,0.229790447,f0c54aeca2b67da7570d42abcf9d13e1b6334feb749448d45752944e1b731fed
5,1,agency,valid,0.215877135,f0c54aeca2b67da7570d42abcf9d13e1b6334feb749448d45752944e1b731fed
6,2,agency_name,valid,0.214162348,f0c54aeca2b67da7570d42abcf9d13e1b6334feb749448d45752944e1b731fed
7,6,location_type,valid,0.155164445,f0c54aeca2b67da7570d42abcf9d13e1b6334feb749448d45752944e1b731fed
8,5,descriptor_2,valid,0.148044866,f0c54aeca2b67da7570d42abcf9d13e1b6334feb749448d45752944e1b731fed
