task,prediction_boundary,n_samples,n_features,n_leak_features,primary_detectability,mean_paired_harm,governance_effect,initial_gap,p3_leak_recall,p3_legitimate_retention,p3_removed_invalid_count,p3_removed_valid_count,selected_invalid_features,missed_invalid_features,failure_diagnostic_status,source_sha256,interpretation_status
BankMarketing,Before call completion,41188,20,1,1.0,0.13076151587470478,0.10188378537295867,0.094811344220793,1.0,0.8421052631578947,,,,,,74adfc578bf77a7ff4bb1ba4a9f8709d9e3c6907342959c2c8416847e0afb4d8,MIXED_FIXED_CASE_EVIDENCE
LendingClub,At loan origination,50000,140,29,0.5724253199681578,0.31949363602282627,0.2658822173760853,0.3597526875224671,0.6206896551724138,0.90990990990991,,,,,,55c16f75120f897683f02e7aabcf080d0e4a20c4832feb1d592cfa941bd62a2d,MIXED_FIXED_CASE_EVIDENCE
BTSFlights,Before scheduled departure,100000,108,72,0.4011348309635841,0.47040623382048746,0.34777021183216356,0.4266870247364043,0.2916666666666667,0.9722222222222222,,,,,,327924faa362d360747e9e4cf37f461c877441916321754f1789fadd61fd403a,MIXED_FIXED_CASE_EVIDENCE
ChicagoFood,Before inspection outcome,20000,16,2,1.0,0.4298521345041413,0.325710070855485,0.479704546565322,1.0,0.9285714285714285,,,,,,527c3a9434379fcdeebdfe0e9ed58bc2f611cb751eae32cb46d1146021dba0af,MIXED_FIXED_CASE_EVIDENCE
NYC311,At complaint creation,100000,40,2,0.5215311004784688,0.012959834561669758,-0.1081896998154967,0.019045731232445,0.5,0.8157894736842105,1,7,resolution_description,status,POST_HOC_DESCRIPTIVE_DIAGNOSTIC,20d2b0b64ca32a6081f9577295f927d44e62767bc7cbcf013cad0e5a59c25f26,MIXED_FIXED_CASE_EVIDENCE
