task,prediction_boundary,n_samples,n_features,n_leak_features,primary_detectability,mean_paired_harm,source_sha256,interpretation_status
BankMarketing,Before call completion,41188,20,1,1.0,0.13076151587470478,74adfc578bf77a7ff4bb1ba4a9f8709d9e3c6907342959c2c8416847e0afb4d8,CASE_STUDY_ONLY
LendingClub,At loan origination,50000,140,29,0.5724253199681578,0.31949363602282627,55c16f75120f897683f02e7aabcf080d0e4a20c4832feb1d592cfa941bd62a2d,CASE_STUDY_ONLY
BTSFlights,Before scheduled departure,100000,108,72,0.4011348309635841,0.47040623382048746,327924faa362d360747e9e4cf37f461c877441916321754f1789fadd61fd403a,CASE_STUDY_ONLY
ChicagoFood,Before inspection outcome,20000,16,2,1.0,0.4298521345041413,527c3a9434379fcdeebdfe0e9ed58bc2f611cb751eae32cb46d1146021dba0af,CASE_STUDY_ONLY
NYC311,At complaint creation,100000,40,2,0.5215311004784688,0.012959834561669758,20d2b0b64ca32a6081f9577295f927d44e62767bc7cbcf013cad0e5a59c25f26,CASE_STUDY_ONLY
