model,mechanism,permuted_harm,ci_lo,ci_hi
tabm,M04,-0.001364,-0.003063,0.000266
tabm,M05,-0.001431,-0.003363,9.3e-05
modernnca,M04,0.003329,-0.003762,0.009487
modernnca,M05,-0.000837,-0.007408,0.005393
tabr,M04,-0.006492,-0.014027,0.000486
tabr,M05,-0.008296,-0.014581,-0.002968
