model,mechanism,fixed_epoch_harm,ci_lo,ci_hi
tabm,M04,-0.002024,-0.004825,1.7e-05
tabm,M05,-0.00148,-0.003909,0.000366
modernnca,M04,-0.001045,-0.00793,0.005879
modernnca,M05,-0.002291,-0.011565,0.006597
tabr,M04,-0.004183,-0.012004,0.003025
tabr,M05,-0.003787,-0.012065,0.005714
