{
  "models": [
    "lr",
    "rf",
    "lightgbm",
    "catboost",
    "tabm",
    "modernnca",
    "tabr"
  ],
  "mean_pairwise_spearman": 0.8913419913419913,
  "min_pairwise_spearman": 0.5909090909090909,
  "kendall_w": 0.9068645640074211,
  "per_model_mean": {
    "lr": 0.1342772186463188,
    "rf": 0.16215032413451633,
    "lightgbm": 0.17521392458529103,
    "catboost": 0.17449318000143296,
    "tabm": 0.15307261152191903,
    "modernnca": 0.16357834892622244,
    "tabr": 0.15922398830204304
  },
  "per_model_ci": {
    "lr": [
      0.12233927861258143,
      0.14629041384575442
    ],
    "rf": [
      0.14909867504745003,
      0.17546526330396173
    ],
    "lightgbm": [
      0.15923821414937364,
      0.19093214910048692
    ],
    "catboost": [
      0.15923511664576093,
      0.18954909157797978
    ],
    "tabm": [
      0.14117517192404636,
      0.16555121423523306
    ],
    "modernnca": [
      0.1465928554506562,
      0.18090188045679112
    ],
    "tabr": [
      0.14488289248425548,
      0.17346492927403448
    ]
  },
  "m04_negative": {
    "tabm": {
      "mean": -0.0024964348815667303,
      "ci": [
        -0.004094581697429843,
        -0.001073167246349558
      ]
    },
    "modernnca": {
      "mean": -0.005175557324709843,
      "ci": [
        -0.008829057910536222,
        -0.0009790391416903271
      ]
    },
    "tabr": {
      "mean": -0.004552826128204173,
      "ci": [
        -0.009605898604144422,
        0.00014492422023127535
      ]
    }
  },
  "m05_negative": {
    "tabm": {
      "mean": -0.0024351991383375626,
      "ci": [
        -0.004483496794365403,
        -0.0005607523203473712
      ]
    },
    "modernnca": {
      "mean": -0.007279840221448387,
      "ci": [
        -0.013209827675474833,
        -0.0022311651283930646
      ]
    },
    "tabr": {
      "mean": -0.004118077275271345,
      "ci": [
        -0.00958963750515795,
        0.001044550158991229
      ]
    }
  }
}